{"stats":{"minecraft:killed_by":{"minecraft:zombie":1},"minecraft:killed":{"minecraft:sheep":8,"minecraft:skeleton":1,"minecraft:zombie":7,"minecraft:pig":4,"minecraft:spider":1,"minecraft:drowned":1,"minecraft:cow":4},"minecraft:mined":{"minecraft:grass":8,"minecraft:grass_block":3,"minecraft:oak_log":28,"minecraft:dirt":9,"minecraft:tall_grass":1,"minecraft:stone":26,"minecraft:oak_leaves":2},"minecraft:crafted":{"minecraft:cooked_beef":8,"minecraft:oak_planks":112,"minecraft:crafting_table":1,"minecraft:stick":20,"minecraft:wooden_pickaxe":1,"minecraft:stone_pickaxe":1,"minecraft:stone_sword":1,"minecraft:furnace":1,"minecraft:stone_axe":1,"minecraft:cooked_mutton":5,"minecraft:air":0},"minecraft:used":{"minecraft:stone_sword":56,"minecraft:apple":1,"minecraft:stone_pickaxe":12,"minecraft:wooden_pickaxe":14,"minecraft:white_wool":7,"minecraft:stone_axe":36,"minecraft:dirt":12,"minecraft:crafting_table":1,"minecraft:oak_sapling":15,"minecraft:furnace":1,"tombstone:gift":1,"minecraft:cooked_beef":5},"minecraft:dropped":{"minecraft:gray_wool":1,"minecraft:wheat_seeds":1,"minecraft:oak_sapling":1,"minecraft:rotten_flesh":6,"minecraft:wooden_pickaxe":1},"minecraft:custom":{"minecraft:time_since_rest":923,"minecraft:interact_with_furnace":6,"minecraft:sprint_one_cm":49118,"minecraft:damage_taken":760,"minecraft:walk_one_cm":20679,"minecraft:mob_kills":26,"minecraft:drop":7,"minecraft:damage_dealt":3399,"minecraft:interact_with_crafting_table":6,"minecraft:fly_one_cm":65101,"minecraft:deaths":1,"minecraft:crouch_one_cm":1229,"minecraft:play_time":15826,"tombstone:undead_killed":9,"minecraft:sneak_time":275,"minecraft:jump":339,"minecraft:leave_game":1,"minecraft:walk_on_water_one_cm":52,"minecraft:time_since_death":1170,"minecraft:total_world_time":15826,"minecraft:fall_one_cm":10913},"minecraft:picked_up":{"minecraft:stick":9,"minecraft:copper_ingot":1,"minecraft:leather":3,"minecraft:wooden_pickaxe":1,"minecraft:potato":1,"minecraft:porkchop":9,"minecraft:oak_log":28,"tombstone:grave_dust":2,"minecraft:string":1,"minecraft:dirt":12,"minecraft:arrow":2,"minecraft:rotten_flesh":10,"minecraft:apple":1,"minecraft:wheat_seeds":1,"minecraft:beef":8,"minecraft:gray_wool":1,"minecraft:oak_sapling":16,"minecraft:mutton":14,"minecraft:white_wool":7,"minecraft:cobblestone":26}},"DataVersion":3465}