{"stats":{"minecraft:crafted":{"minecraft:oak_planks":24,"minecraft:crafting_table":1,"minecraft:stick":4,"minecraft:wooden_pickaxe":1},"minecraft:mined":{"minecraft:grass":2,"minecraft:grass_block":2,"minecraft:oak_log":6,"minecraft:dirt":2,"minecraft:oak_leaves":2},"minecraft:used":{"minecraft:crafting_table":1},"minecraft:dropped":{"minecraft:oak_sapling":1},"minecraft:custom":{"minecraft:time_since_rest":2415,"minecraft:play_time":2415,"minecraft:sprint_one_cm":2272,"minecraft:walk_one_cm":2919,"minecraft:drop":1,"minecraft:jump":15,"minecraft:time_since_death":2415,"minecraft:total_world_time":2415,"minecraft:interact_with_crafting_table":1,"minecraft:fall_one_cm":418,"minecraft:fly_one_cm":2632},"minecraft:picked_up":{"minecraft:oak_log":6,"minecraft:oak_sapling":1,"minecraft:dirt":1}},"DataVersion":3465}