{"stats":{"minecraft:picked_up":{"minecraft:birch_log":25,"minecraft:porkchop":9,"minecraft:birch_sapling":4,"minecraft:dirt":9,"minecraft:cobblestone":17},"minecraft:crafted":{"minecraft:birch_planks":100,"minecraft:stone_axe":1,"minecraft:crafting_table":1,"minecraft:stick":16,"minecraft:stone_pickaxe":1,"minecraft:wooden_pickaxe":1},"minecraft:mined":{"minecraft:grass":2,"minecraft:grass_block":2,"minecraft:dirt":7,"minecraft:birch_log":25,"minecraft:stone":17,"minecraft:birch_leaves":11},"minecraft:custom":{"minecraft:time_since_rest":5917,"minecraft:crouch_one_cm":2292,"minecraft:sprint_one_cm":16042,"minecraft:play_time":5917,"minecraft:damage_taken":20,"minecraft:walk_one_cm":5438,"minecraft:sneak_time":561,"minecraft:walk_under_water_one_cm":304,"minecraft:mob_kills":3,"minecraft:drop":3,"minecraft:jump":67,"minecraft:damage_dealt":300,"minecraft:leave_game":3,"minecraft:walk_on_water_one_cm":298,"minecraft:time_since_death":5917,"minecraft:total_world_time":5917,"minecraft:swim_one_cm":726,"minecraft:interact_with_crafting_table":2,"minecraft:fall_one_cm":1860,"minecraft:fly_one_cm":10958},"minecraft:killed":{"minecraft:pig":3},"minecraft:dropped":{"minecraft:wooden_pickaxe":1,"minecraft:birch_sapling":3},"minecraft:used":{"minecraft:stone_axe":30,"minecraft:dirt":3,"minecraft:crafting_table":1,"minecraft:birch_sapling":1,"minecraft:wooden_pickaxe":17}},"DataVersion":3465}