{"stats":{"minecraft:picked_up":{"minecraft:birch_log":47,"minecraft:stick":1,"minecraft:crafting_table":1,"minecraft:leather":7,"minecraft:porkchop":10,"minecraft:string":1,"minecraft:spider_eye":1,"minecraft:dirt":9,"minecraft:rotten_flesh":2,"minecraft:wheat_seeds":1,"minecraft:beef":20,"minecraft:mutton":6,"minecraft:birch_sapling":12,"minecraft:white_wool":4,"minecraft:cobblestone":17,"minecraft:furnace":1},"minecraft:crafted":{"minecraft:cooked_porkchop":10,"minecraft:crafting_table":1,"minecraft:stick":16,"minecraft:wooden_pickaxe":1,"minecraft:stone_pickaxe":1,"minecraft:furnace":1,"minecraft:birch_planks":188,"minecraft:stone_axe":1,"minecraft:air":0},"minecraft:mined":{"minecraft:furnace":1,"minecraft:birch_log":47,"minecraft:birch_leaves":13,"minecraft:crafting_table":1,"minecraft:grass":6,"minecraft:grass_block":2,"minecraft:dirt":7,"minecraft:stone":17},"minecraft:custom":{"minecraft:time_since_rest":13690,"minecraft:interact_with_furnace":4,"minecraft:sprint_one_cm":62021,"minecraft:damage_taken":160,"minecraft:walk_one_cm":14983,"minecraft:mob_kills":23,"minecraft:drop":4,"minecraft:damage_dealt":2680,"minecraft:swim_one_cm":919,"minecraft:interact_with_crafting_table":4,"minecraft:fly_one_cm":53097,"minecraft:crouch_one_cm":2292,"minecraft:play_time":13690,"minecraft:sneak_time":561,"minecraft:walk_under_water_one_cm":372,"minecraft:jump":282,"minecraft:leave_game":4,"minecraft:walk_on_water_one_cm":362,"minecraft:time_since_death":13690,"minecraft:total_world_time":13690,"minecraft:fall_one_cm":6698},"minecraft:killed":{"minecraft:sheep":4,"minecraft:zombie":4,"minecraft:pig":4,"minecraft:spider":1,"minecraft:cow":10},"minecraft:dropped":{"minecraft:wheat_seeds":1,"minecraft:birch_sapling":3,"minecraft:wooden_pickaxe":1},"minecraft:used":{"minecraft:stone_pickaxe":1,"minecraft:birch_sapling":9,"minecraft:wooden_pickaxe":17,"minecraft:stone_axe":87,"minecraft:dirt":9,"minecraft:crafting_table":1,"minecraft:furnace":1,"minecraft:cooked_porkchop":2}},"DataVersion":3465}